	attr_conc.max	attr_conc.mean	attr_conc.median	attr_conc.min	attr_conc.sd	attr_ent.max	attr_ent.mean	attr_ent.median	attr_ent.min	attr_ent.sd	attr_to_inst	cat_to_num	cor.max	cor.mean	cor.median	cor.min	cor.sd	cov.max	cov.mean	cov.median	cov.min	cov.sd	eigenvalues.max	eigenvalues.mean	eigenvalues.median	eigenvalues.min	eigenvalues.sd	g_mean.max	g_mean.mean	g_mean.median	g_mean.min	g_mean.sd	h_mean.max	h_mean.mean	h_mean.median	h_mean.min	h_mean.sd	inst_to_attr	iq_range.max	iq_range.mean	iq_range.median	iq_range.min	iq_range.sd	kurtosis.max	kurtosis.mean	kurtosis.median	kurtosis.min	kurtosis.sd	mad.max	mad.mean	mad.median	mad.min	mad.sd	max.max	max.mean	max.median	max.min	max.sd	mean.max	mean.mean	mean.median	mean.min	mean.sd	median.max	median.mean	median.median	median.min	median.sd	min.max	min.mean	min.median	min.min	min.sd	nr_attr	nr_bin	nr_cat	nr_cor_attr	nr_inst	nr_norm	nr_num	nr_outliers	num_to_cat	range.max	range.mean	range.median	range.min	range.sd	sd.max	sd.mean	sd.median	sd.min	sd.sd	skewness.max	skewness.mean	skewness.median	skewness.min	skewness.sd	sparsity.max	sparsity.mean	sparsity.median	sparsity.min	sparsity.sd	t_mean.max	t_mean.mean	t_mean.median	t_mean.min	t_mean.sd	var.max	var.mean	var.median	var.min	var.sd	id
1						8.388017285345136	8.388017285345136	8.388017285345136	8.388017285345136		0.0029850746268656717		0.0029940119760479243	0.0029940119760478853	0.0029940119760478857	0.0029940119760478562	1.0864314332314521e-17	8.937349182232705e-06	8.93734918223255e-06	8.937349182232541e-06	8.937349182232482e-06	3.56546235837291e-20	0.002994011976047945	0.0029850746268656895	0.0029940119760479226	1.951563910473908e-17	0.00016358034871501577						0.0	0.0	0.0	0.0	0.0	335.0	0.0	0.0	0.0	0.0	0.0	328.01788371574963	328.01788371574946	328.01788371574946	328.0178837157492	1.0616220249896211e-13	0.0	0.0	0.0	0.0	0.0	1.0	1.0	1.0	1.0	0.0	0.0029850746268656717	0.002985074626865671	0.0029850746268656717	0.0029850746268656717	8.686592132656584e-19	0.0	0.0	0.0	0.0	0.0	0.0	0.0	0.0	0.0	0.0	1	0	1	0.0	335	0.0	0	335	0.0	1.0	1.0	1.0	1.0	0.0	0.05463583647081565	0.05463583647081547	0.05463583647081548	0.054635836470815304	1.0095474139678796e-16	18.139423892409017	18.139423892409006	18.139423892409006	18.13942389240899	7.929825594166926e-15	0.0	0.0	0.0	0.0		0.0	0.0	0.0	0.0	0.0	0.0029850746268657094	0.0029850746268656903	0.0029850746268656903	0.0029850746268656717	1.0978922501263481e-17	13
